{
  "mappings": {
    "ryo/mrbubblegum/nhack4/injections/mixins/MixinGuiScreen": {
      "renderToolTip": "Lnet/minecraft/client/gui/GuiScreen;func_146285_a(Lnet/minecraft/item/ItemStack;II)V",
      "drawDefaultBackground": "Lnet/minecraft/client/gui/GuiScreen;func_146276_q_()V"
    },
    "ryo/mrbubblegum/nhack4/injections/mixins/MixinGuiNewChat": {
      "drawChat": "Lnet/minecraft/client/gui/GuiNewChat;func_146230_a(I)V",
      "setChatLine": "Lnet/minecraft/client/gui/GuiNewChat;func_146237_a(Lnet/minecraft/util/text/ITextComponent;IIZ)V",
      "Lnet/minecraft/client/gui/GuiNewChat;drawRect(IIIII)V": "Lnet/minecraft/client/gui/GuiNewChat;func_73734_a(IIIII)V",
      "Lnet/minecraft/client/gui/FontRenderer;drawStringWithShadow(Ljava/lang/String;FFI)I": "Lnet/minecraft/client/gui/FontRenderer;func_175063_a(Ljava/lang/String;FFI)I"
    },
    "ryo/mrbubblegum/nhack4/injections/mixins/MixinNetHandlerPlayClient": {
      "handleEntityMetadata": "Lnet/minecraft/client/network/NetHandlerPlayClient;func_147284_a(Lnet/minecraft/network/play/server/SPacketEntityMetadata;)V"
    },
    "ryo/mrbubblegum/nhack4/injections/mixins/accessors/IC00Handshake": {
      "ip": "field_149598_b:Ljava/lang/String;"
    },
    "ryo/mrbubblegum/nhack4/injections/mixins/accessors/IContainer": {
      "transactionID": "field_75150_e:S"
    },
    "ryo/mrbubblegum/nhack4/injections/mixins/MixinRender": {
      "shouldRender": "Lnet/minecraft/client/renderer/entity/Render;func_177071_a(Lnet/minecraft/entity/Entity;Lnet/minecraft/client/renderer/culling/ICamera;DDD)Z"
    },
    "ryo/mrbubblegum/nhack4/injections/mixins/MixinWorld": {
      "Lnet/minecraft/entity/Entity;isPushedByWater()Z": "Lnet/minecraft/entity/Entity;func_96092_aw()Z",
      "getEntitiesWithinAABB(Ljava/lang/Class;Lnet/minecraft/util/math/AxisAlignedBB;Lcom/google/common/base/Predicate;)Ljava/util/List;": "Lnet/minecraft/world/World;func_175647_a(Ljava/lang/Class;Lnet/minecraft/util/math/AxisAlignedBB;Lcom/google/common/base/Predicate;)Ljava/util/List;",
      "checkLightFor": "Lnet/minecraft/world/World;func_180500_c(Lnet/minecraft/world/EnumSkyBlock;Lnet/minecraft/util/math/BlockPos;)Z",
      "Lnet/minecraft/world/chunk/Chunk;getEntitiesOfTypeWithinAABB(Ljava/lang/Class;Lnet/minecraft/util/math/AxisAlignedBB;Ljava/util/List;Lcom/google/common/base/Predicate;)V": "Lnet/minecraft/world/chunk/Chunk;func_177430_a(Ljava/lang/Class;Lnet/minecraft/util/math/AxisAlignedBB;Ljava/util/List;Lcom/google/common/base/Predicate;)V",
      "handleMaterialAcceleration": "Lnet/minecraft/world/World;func_72918_a(Lnet/minecraft/util/math/AxisAlignedBB;Lnet/minecraft/block/material/Material;Lnet/minecraft/entity/Entity;)Z"
    },
    "ryo/mrbubblegum/nhack4/injections/mixins/MixinEntity": {
      "applyEntityCollision": "Lnet/minecraft/entity/Entity;func_70108_f(Lnet/minecraft/entity/Entity;)V",
      "Lnet/minecraft/entity/Entity;addVelocity(DDD)V": "Lnet/minecraft/entity/Entity;func_70024_g(DDD)V"
    },
    "ryo/mrbubblegum/nhack4/injections/mixins/MixinBlockLiquid": {
      "getCollisionBoundingBox": "Lnet/minecraft/block/BlockLiquid;func_180646_a(Lnet/minecraft/block/state/IBlockState;Lnet/minecraft/world/IBlockAccess;Lnet/minecraft/util/math/BlockPos;)Lnet/minecraft/util/math/AxisAlignedBB;"
    },
    "ryo/mrbubblegum/nhack4/injections/mixins/MixinPlayerControllerMP": {
      "clickBlock": "Lnet/minecraft/client/multiplayer/PlayerControllerMP;func_180511_b(Lnet/minecraft/util/math/BlockPos;Lnet/minecraft/util/EnumFacing;)Z",
      "onPlayerDamageBlock": "Lnet/minecraft/client/multiplayer/PlayerControllerMP;func_180512_c(Lnet/minecraft/util/math/BlockPos;Lnet/minecraft/util/EnumFacing;)Z",
      "Lnet/minecraft/item/ItemBlock;canPlaceBlockOnSide(Lnet/minecraft/world/World;Lnet/minecraft/util/math/BlockPos;Lnet/minecraft/util/EnumFacing;Lnet/minecraft/entity/player/EntityPlayer;Lnet/minecraft/item/ItemStack;)Z": "Lnet/minecraft/item/ItemBlock;func_179222_a(Lnet/minecraft/world/World;Lnet/minecraft/util/math/BlockPos;Lnet/minecraft/util/EnumFacing;Lnet/minecraft/entity/player/EntityPlayer;Lnet/minecraft/item/ItemStack;)Z",
      "processRightClickBlock": "Lnet/minecraft/client/multiplayer/PlayerControllerMP;func_187099_a(Lnet/minecraft/client/entity/EntityPlayerSP;Lnet/minecraft/client/multiplayer/WorldClient;Lnet/minecraft/util/math/BlockPos;Lnet/minecraft/util/EnumFacing;Lnet/minecraft/util/math/Vec3d;Lnet/minecraft/util/EnumHand;)Lnet/minecraft/util/EnumActionResult;"
    },
    "ryo/mrbubblegum/nhack4/injections/mixins/accessors/ICPacketPlayer": {
      "rotating": "field_149481_i:Z",
      "onGround": "field_149474_g:Z",
      "y": "field_149477_b:D",
      "pitch": "field_149473_f:F",
      "moving": "field_149480_h:Z",
      "yaw": "field_149476_e:F"
    },
    "ryo/mrbubblegum/nhack4/injections/mixins/MixinFontRenderer": {
      "Lnet/minecraft/client/gui/FontRenderer;renderString(Ljava/lang/String;FFIZ)I": "Lnet/minecraft/client/gui/FontRenderer;func_180455_b(Ljava/lang/String;FFIZ)I",
      "Lnet/minecraft/client/gui/FontRenderer;renderStringAtPos(Ljava/lang/String;Z)V": "Lnet/minecraft/client/gui/FontRenderer;func_78255_a(Ljava/lang/String;Z)V",
      "renderString(Ljava/lang/String;FFIZ)I": "Lnet/minecraft/client/gui/FontRenderer;func_180455_b(Ljava/lang/String;FFIZ)I",
      "drawString(Ljava/lang/String;FFIZ)I": "Lnet/minecraft/client/gui/FontRenderer;func_175065_a(Ljava/lang/String;FFIZ)I"
    },
    "ryo/mrbubblegum/nhack4/injections/mixins/MixinNetworkManager": {
      "sendPacket(Lnet/minecraft/network/Packet;)V": "Lnet/minecraft/network/NetworkManager;func_179290_a(Lnet/minecraft/network/Packet;)V",
      "channelRead0": "Lnet/minecraft/network/NetworkManager;channelRead0(Lio/netty/channel/ChannelHandlerContext;Lnet/minecraft/network/Packet;)V"
    },
    "ryo/mrbubblegum/nhack4/injections/mixins/MixinEntityRenderer": {
      "hurtCameraEffect": "Lnet/minecraft/client/renderer/EntityRenderer;func_78482_e(F)V",
      "updateLightmap": "Lnet/minecraft/client/renderer/EntityRenderer;func_78472_g(F)V",
      "setupFog": "Lnet/minecraft/client/renderer/EntityRenderer;func_78468_a(IF)V",
      "Lnet/minecraft/client/renderer/ActiveRenderInfo;getBlockStateAtEntityViewpoint(Lnet/minecraft/world/World;Lnet/minecraft/entity/Entity;F)Lnet/minecraft/block/state/IBlockState;": "Lnet/minecraft/client/renderer/ActiveRenderInfo;func_186703_a(Lnet/minecraft/world/World;Lnet/minecraft/entity/Entity;F)Lnet/minecraft/block/state/IBlockState;",
      "Lnet/minecraft/client/entity/EntityPlayerSP;prevTimeInPortal:F": "Lnet/minecraft/client/entity/EntityPlayerSP;field_71080_cy:F",
      "setupCameraTransform": "Lnet/minecraft/client/renderer/EntityRenderer;func_78479_a(FI)V",
      "renderCloudsCheck": "Lnet/minecraft/client/renderer/EntityRenderer;func_180437_a(Lnet/minecraft/client/renderer/RenderGlobal;FIDDD)V",
      "renderItemActivation": "Lnet/minecraft/client/renderer/EntityRenderer;func_190563_a(IIF)V",
      "orientCamera": "Lnet/minecraft/client/renderer/EntityRenderer;func_78467_g(F)V",
      "getMouseOver(F)V": "Lnet/minecraft/client/renderer/EntityRenderer;func_78473_a(F)V",
      "renderWorldPass": "Lnet/minecraft/client/renderer/EntityRenderer;func_175068_a(IFJ)V"
    },
    "ryo/mrbubblegum/nhack4/injections/mixins/MixinEntityPlayerSP": {
      "move": "Lnet/minecraft/client/entity/EntityPlayerSP;func_70091_d(Lnet/minecraft/entity/MoverType;DDD)V",
      "Lnet/minecraft/client/entity/AbstractClientPlayer;move(Lnet/minecraft/entity/MoverType;DDD)V": "Lnet/minecraft/client/entity/AbstractClientPlayer;func_70091_d(Lnet/minecraft/entity/MoverType;DDD)V",
      "pushOutOfBlocks": "Lnet/minecraft/client/entity/EntityPlayerSP;func_145771_j(DDD)Z",
      "Lnet/minecraft/client/entity/EntityPlayerSP;setServerBrand(Ljava/lang/String;)V": "Lnet/minecraft/client/entity/EntityPlayerSP;func_175158_f(Ljava/lang/String;)V",
      "onUpdateWalkingPlayer": "Lnet/minecraft/client/entity/EntityPlayerSP;func_175161_p()V",
      "sendChatMessage": "Lnet/minecraft/client/entity/EntityPlayerSP;func_71165_d(Ljava/lang/String;)V",
      "net/minecraft/util/math/AxisAlignedBB.minY:D": "Lnet/minecraft/util/math/AxisAlignedBB;field_72338_b:D"
    },
    "ryo/mrbubblegum/nhack4/injections/mixins/MixinGuiIngame": {
      "renderPortal": "Lnet/minecraft/client/gui/GuiIngame;func_180474_b(FLnet/minecraft/client/gui/ScaledResolution;)V",
      "renderPotionEffects": "Lnet/minecraft/client/gui/GuiIngame;func_184048_a(Lnet/minecraft/client/gui/ScaledResolution;)V",
      "renderPumpkinOverlay": "Lnet/minecraft/client/gui/GuiIngame;func_180476_e(Lnet/minecraft/client/gui/ScaledResolution;)V"
    },
    "ryo/mrbubblegum/nhack4/injections/mixins/MixinRenderGlobal": {
      "drawSelectionBox": "Lnet/minecraft/client/renderer/RenderGlobal;func_72731_b(Lnet/minecraft/entity/player/EntityPlayer;Lnet/minecraft/util/math/RayTraceResult;IF)V",
      "setupTerrain": "Lnet/minecraft/client/renderer/RenderGlobal;func_174970_a(Lnet/minecraft/entity/Entity;DLnet/minecraft/client/renderer/culling/ICamera;IZ)V",
      "sendBlockBreakProgress": "Lnet/minecraft/client/renderer/RenderGlobal;func_180441_b(ILnet/minecraft/util/math/BlockPos;I)V",
      "renderEntities": "Lnet/minecraft/client/renderer/RenderGlobal;func_180446_a(Lnet/minecraft/entity/Entity;Lnet/minecraft/client/renderer/culling/ICamera;F)V",
      "Lnet/minecraft/util/math/AxisAlignedBB;offset(DDD)Lnet/minecraft/util/math/AxisAlignedBB;": "Lnet/minecraft/util/math/AxisAlignedBB;func_72317_d(DDD)Lnet/minecraft/util/math/AxisAlignedBB;",
      "Lnet/minecraft/client/renderer/entity/RenderManager;setRenderPosition(DDD)V": "Lnet/minecraft/client/renderer/entity/RenderManager;func_178628_a(DDD)V",
      "Lnet/minecraft/client/renderer/ChunkRenderContainer;initialize(DDD)V": "Lnet/minecraft/client/renderer/ChunkRenderContainer;func_178004_a(DDD)V"
    },
    "ryo/mrbubblegum/nhack4/injections/mixins/MixinC00Handshake": {
      "Lnet/minecraft/network/PacketBuffer;writeString(Ljava/lang/String;)Lnet/minecraft/network/PacketBuffer;": "Lnet/minecraft/network/PacketBuffer;func_180714_a(Ljava/lang/String;)Lnet/minecraft/network/PacketBuffer;",
      "writePacketData": "Lnet/minecraft/network/handshake/client/C00Handshake;func_148840_b(Lnet/minecraft/network/PacketBuffer;)V"
    },
    "ryo/mrbubblegum/nhack4/injections/mixins/accessors/ISPacketSetSlot": {
      "windowId": "field_149179_a:I"
    },
    "ryo/mrbubblegum/nhack4/injections/mixins/MixinEntityLivingBase": {
      "isElytraFlying": "Lnet/minecraft/entity/EntityLivingBase;func_184613_cA()Z"
    },
    "ryo/mrbubblegum/nhack4/injections/mixins/accessors/IServerAddress": {
      "getServerAddress": "func_78863_b(Ljava/lang/String;)[Ljava/lang/String;"
    },
    "ryo/mrbubblegum/nhack4/injections/mixins/MixinModelBiped": {
      "render": "Lnet/minecraft/client/model/ModelBiped;func_78088_a(Lnet/minecraft/entity/Entity;FFFFFF)V"
    },
    "ryo/mrbubblegum/nhack4/injections/mixins/MixinMinecraft": {
      "sendClickBlockToController": "Lnet/minecraft/client/Minecraft;func_147115_a(Z)V",
      "Lnet/minecraft/client/Minecraft;currentScreen:Lnet/minecraft/client/gui/GuiScreen;": "Lnet/minecraft/client/Minecraft;field_71462_r:Lnet/minecraft/client/gui/GuiScreen;",
      "Lnet/minecraft/client/multiplayer/PlayerControllerMP;getIsHittingBlock()Z": "Lnet/minecraft/client/multiplayer/PlayerControllerMP;func_181040_m()Z",
      "run": "Lnet/minecraft/client/Minecraft;func_99999_d()V",
      "runTick": "Lnet/minecraft/client/Minecraft;func_71407_l()V",
      "rightClickMouse": "Lnet/minecraft/client/Minecraft;func_147121_ag()V",
      "runGameLoop": "Lnet/minecraft/client/Minecraft;func_71411_J()V",
      "Lnet/minecraft/client/Minecraft;displayCrashReport(Lnet/minecraft/crash/CrashReport;)V": "Lnet/minecraft/client/Minecraft;func_71377_b(Lnet/minecraft/crash/CrashReport;)V",
      "getLimitFramerate": "Lnet/minecraft/client/Minecraft;func_90020_K()I",
      "runTickKeyboard": "Lnet/minecraft/client/Minecraft;func_184118_az()V",
      "Lnet/minecraft/client/multiplayer/WorldClient;doVoidFogParticles(III)V": "Lnet/minecraft/client/multiplayer/WorldClient;func_73029_E(III)V",
      "shutdown": "Lnet/minecraft/client/Minecraft;func_71400_g()V",
      "Lnet/minecraft/client/entity/EntityPlayerSP;isHandActive()Z": "Lnet/minecraft/client/entity/EntityPlayerSP;func_184587_cr()Z"
    },
    "ryo/mrbubblegum/nhack4/injections/mixins/MixinItemFood": {
      "onItemUseFinish": "Lnet/minecraft/item/ItemFood;func_77654_b(Lnet/minecraft/item/ItemStack;Lnet/minecraft/world/World;Lnet/minecraft/entity/EntityLivingBase;)Lnet/minecraft/item/ItemStack;"
    },
    "ryo/mrbubblegum/nhack4/injections/mixins/accessors/IEntityRenderer": {
      "setupCameraTransform": "func_78479_a(FI)V"
    },
    "ryo/mrbubblegum/nhack4/injections/mixins/MixinGuiToast": {
      "drawToast": "Lnet/minecraft/client/gui/toasts/GuiToast;func_191783_a(Lnet/minecraft/client/gui/ScaledResolution;)V"
    },
    "ryo/mrbubblegum/nhack4/injections/mixins/accessors/ICPacketCustomPayload": {
      "data": "field_149561_c:Lnet/minecraft/network/PacketBuffer;"
    },
    "ryo/mrbubblegum/nhack4/injections/mixins/MixinRenderEnderCrystal": {
      "Lnet/minecraft/client/model/ModelBase;render(Lnet/minecraft/entity/Entity;FFFFFF)V": "Lnet/minecraft/client/model/ModelBase;func_78088_a(Lnet/minecraft/entity/Entity;FFFFFF)V",
      "doRender(Lnet/minecraft/entity/item/EntityEnderCrystal;DDDFF)V": "Lnet/minecraft/client/renderer/entity/RenderEnderCrystal;func_76986_a(Lnet/minecraft/entity/item/EntityEnderCrystal;DDDFF)V"
    },
    "ryo/mrbubblegum/nhack4/injections/mixins/accessors/IEntityLivingBase": {
      "getArmSwingAnimationEnd": "func_82166_i()I"
    },
    "ryo/mrbubblegum/nhack4/injections/mixins/MixinItemRenderer": {
      "renderFireInFirstPerson": "Lnet/minecraft/client/renderer/ItemRenderer;func_78442_d()V",
      "transformSideFirstPerson": "Lnet/minecraft/client/renderer/ItemRenderer;func_187459_b(Lnet/minecraft/util/EnumHandSide;F)V",
      "renderSuffocationOverlay": "Lnet/minecraft/client/renderer/ItemRenderer;func_178108_a(Lnet/minecraft/client/renderer/texture/TextureAtlasSprite;)V",
      "transformEatFirstPerson": "Lnet/minecraft/client/renderer/ItemRenderer;func_187454_a(FLnet/minecraft/util/EnumHandSide;Lnet/minecraft/item/ItemStack;)V"
    },
    "ryo/mrbubblegum/nhack4/injections/mixins/MixinKeyBinding": {
      "isKeyDown": "Lnet/minecraft/client/settings/KeyBinding;func_151470_d()Z"
    },
    "ryo/mrbubblegum/nhack4/injections/mixins/MixinLayerArmorBase": {
      "doRenderLayer": "Lnet/minecraft/client/renderer/entity/layers/LayerArmorBase;func_177141_a(Lnet/minecraft/entity/EntityLivingBase;FFFFFFF)V",
      "renderArmorLayer": "Lnet/minecraft/client/renderer/entity/layers/LayerArmorBase;func_188361_a(Lnet/minecraft/entity/EntityLivingBase;FFFFFFFLnet/minecraft/inventory/EntityEquipmentSlot;)V"
    },
    "ryo/mrbubblegum/nhack4/injections/mixins/MixinServerAddress": {
      "fromString": "Lnet/minecraft/client/multiplayer/ServerAddress;func_78860_a(Ljava/lang/String;)Lnet/minecraft/client/multiplayer/ServerAddress;",
      "Lnet/minecraft/client/multiplayer/ServerAddress;getServerAddress(Ljava/lang/String;)[Ljava/lang/String;": "Lnet/minecraft/client/multiplayer/ServerAddress;func_78863_b(Ljava/lang/String;)[Ljava/lang/String;"
    }
  },
  "data": {
    "notch": {
      "ryo/mrbubblegum/nhack4/injections/mixins/MixinGuiScreen": {
        "renderToolTip": "Lblk;a(Laip;II)V",
        "drawDefaultBackground": "Lblk;c()V"
      },
      "ryo/mrbubblegum/nhack4/injections/mixins/MixinGuiNewChat": {
        "drawChat": "Lbjb;a(I)V",
        "setChatLine": "Lbjb;a(Lhh;IIZ)V",
        "Lnet/minecraft/client/gui/GuiNewChat;drawRect(IIIII)V": "Lbjb;a(IIIII)V",
        "Lnet/minecraft/client/gui/FontRenderer;drawStringWithShadow(Ljava/lang/String;FFI)I": "Lbip;a(Ljava/lang/String;FFI)I"
      },
      "ryo/mrbubblegum/nhack4/injections/mixins/MixinNetHandlerPlayClient": {
        "handleEntityMetadata": "Lbrz;a(Lkd;)V"
      },
      "ryo/mrbubblegum/nhack4/injections/mixins/accessors/IC00Handshake": {
        "ip": "b:Ljava/lang/String;"
      },
      "ryo/mrbubblegum/nhack4/injections/mixins/accessors/IContainer": {
        "transactionID": "a:S"
      },
      "ryo/mrbubblegum/nhack4/injections/mixins/MixinRender": {
        "shouldRender": "Lbzg;a(Lvg;Lbxy;DDD)Z"
      },
      "ryo/mrbubblegum/nhack4/injections/mixins/MixinWorld": {
        "Lnet/minecraft/entity/Entity;isPushedByWater()Z": "Lvg;bo()Z",
        "getEntitiesWithinAABB(Ljava/lang/Class;Lnet/minecraft/util/math/AxisAlignedBB;Lcom/google/common/base/Predicate;)Ljava/util/List;": "Lamu;a(Ljava/lang/Class;Lbhb;Lcom/google/common/base/Predicate;)Ljava/util/List;",
        "checkLightFor": "Lamu;c(Lana;Let;)Z",
        "Lnet/minecraft/world/chunk/Chunk;getEntitiesOfTypeWithinAABB(Ljava/lang/Class;Lnet/minecraft/util/math/AxisAlignedBB;Ljava/util/List;Lcom/google/common/base/Predicate;)V": "Laxw;a(Ljava/lang/Class;Lbhb;Ljava/util/List;Lcom/google/common/base/Predicate;)V",
        "handleMaterialAcceleration": "Lamu;a(Lbhb;Lbcz;Lvg;)Z"
      },
      "ryo/mrbubblegum/nhack4/injections/mixins/MixinEntity": {
        "applyEntityCollision": "Lvg;i(Lvg;)V",
        "Lnet/minecraft/entity/Entity;addVelocity(DDD)V": "Lvg;f(DDD)V"
      },
      "ryo/mrbubblegum/nhack4/injections/mixins/MixinBlockLiquid": {
        "getCollisionBoundingBox": "Laru;a(Lawt;Lamy;Let;)Lbhb;"
      },
      "ryo/mrbubblegum/nhack4/injections/mixins/MixinPlayerControllerMP": {
        "clickBlock": "Lbsa;a(Let;Lfa;)Z",
        "onPlayerDamageBlock": "Lbsa;b(Let;Lfa;)Z",
        "Lnet/minecraft/item/ItemBlock;canPlaceBlockOnSide(Lnet/minecraft/world/World;Lnet/minecraft/util/math/BlockPos;Lnet/minecraft/util/EnumFacing;Lnet/minecraft/entity/player/EntityPlayer;Lnet/minecraft/item/ItemStack;)Z": "Lahb;a(Lamu;Let;Lfa;Laed;Laip;)Z",
        "processRightClickBlock": "Lbsa;a(Lbud;Lbsb;Let;Lfa;Lbhe;Lub;)Lud;"
      },
      "ryo/mrbubblegum/nhack4/injections/mixins/accessors/ICPacketPlayer": {
        "rotating": "h:Z",
        "onGround": "f:Z",
        "y": "b:D",
        "pitch": "e:F",
        "moving": "g:Z",
        "yaw": "d:F"
      },
      "ryo/mrbubblegum/nhack4/injections/mixins/MixinFontRenderer": {
        "Lnet/minecraft/client/gui/FontRenderer;renderString(Ljava/lang/String;FFIZ)I": "Lbip;b(Ljava/lang/String;FFIZ)I",
        "Lnet/minecraft/client/gui/FontRenderer;renderStringAtPos(Ljava/lang/String;Z)V": "Lbip;a(Ljava/lang/String;Z)V",
        "renderString(Ljava/lang/String;FFIZ)I": "Lbip;b(Ljava/lang/String;FFIZ)I",
        "drawString(Ljava/lang/String;FFIZ)I": "Lbip;a(Ljava/lang/String;FFIZ)I"
      },
      "ryo/mrbubblegum/nhack4/injections/mixins/MixinNetworkManager": {
        "sendPacket(Lnet/minecraft/network/Packet;)V": "Lgw;a(Lht;)V",
        "channelRead0": "Lgw;a(Lio/netty/channel/ChannelHandlerContext;Lht;)V"
      },
      "ryo/mrbubblegum/nhack4/injections/mixins/MixinEntityRenderer": {
        "hurtCameraEffect": "Lbuq;d(F)V",
        "updateLightmap": "Lbuq;g(F)V",
        "setupFog": "Lbuq;a(IF)V",
        "Lnet/minecraft/client/renderer/ActiveRenderInfo;getBlockStateAtEntityViewpoint(Lnet/minecraft/world/World;Lnet/minecraft/entity/Entity;F)Lnet/minecraft/block/state/IBlockState;": "Lbhv;a(Lamu;Lvg;F)Lawt;",
        "Lnet/minecraft/client/entity/EntityPlayerSP;prevTimeInPortal:F": "Lbud;ca:F",
        "setupCameraTransform": "Lbuq;a(FI)V",
        "renderCloudsCheck": "Lbuq;a(Lbuy;FIDDD)V",
        "renderItemActivation": "Lbuq;a(IIF)V",
        "orientCamera": "Lbuq;f(F)V",
        "getMouseOver(F)V": "Lbuq;a(F)V",
        "renderWorldPass": "Lbuq;a(IFJ)V"
      },
      "ryo/mrbubblegum/nhack4/injections/mixins/MixinEntityPlayerSP": {
        "move": "Lbud;a(Lvv;DDD)V",
        "Lnet/minecraft/client/entity/AbstractClientPlayer;move(Lnet/minecraft/entity/MoverType;DDD)V": "Lbua;a(Lvv;DDD)V",
        "pushOutOfBlocks": "Lbud;i(DDD)Z",
        "Lnet/minecraft/client/entity/EntityPlayerSP;setServerBrand(Ljava/lang/String;)V": "Lbud;h(Ljava/lang/String;)V",
        "onUpdateWalkingPlayer": "Lbud;N()V",
        "sendChatMessage": "Lbud;g(Ljava/lang/String;)V",
        "net/minecraft/util/math/AxisAlignedBB.minY:D": "Lbhb;b:D"
      },
      "ryo/mrbubblegum/nhack4/injections/mixins/MixinGuiIngame": {
        "renderPortal": "Lbiq;c(FLbit;)V",
        "renderPotionEffects": "Lbiq;a(Lbit;)V",
        "renderPumpkinOverlay": "Lbiq;f(Lbit;)V"
      },
      "ryo/mrbubblegum/nhack4/injections/mixins/MixinRenderGlobal": {
        "drawSelectionBox": "Lbuy;a(Laed;Lbhc;IF)V",
        "setupTerrain": "Lbuy;a(Lvg;DLbxy;IZ)V",
        "sendBlockBreakProgress": "Lbuy;b(ILet;I)V",
        "renderEntities": "Lbuy;a(Lvg;Lbxy;F)V",
        "Lnet/minecraft/util/math/AxisAlignedBB;offset(DDD)Lnet/minecraft/util/math/AxisAlignedBB;": "Lbhb;d(DDD)Lbhb;",
        "Lnet/minecraft/client/renderer/entity/RenderManager;setRenderPosition(DDD)V": "Lbzf;a(DDD)V",
        "Lnet/minecraft/client/renderer/ChunkRenderContainer;initialize(DDD)V": "Lbun;a(DDD)V"
      },
      "ryo/mrbubblegum/nhack4/injections/mixins/MixinC00Handshake": {
        "Lnet/minecraft/network/PacketBuffer;writeString(Ljava/lang/String;)Lnet/minecraft/network/PacketBuffer;": "Lgy;a(Ljava/lang/String;)Lgy;",
        "writePacketData": "Lmd;b(Lgy;)V"
      },
      "ryo/mrbubblegum/nhack4/injections/mixins/accessors/ISPacketSetSlot": {
        "windowId": "a:I"
      },
      "ryo/mrbubblegum/nhack4/injections/mixins/MixinEntityLivingBase": {
        "isElytraFlying": "Lvp;cP()Z"
      },
      "ryo/mrbubblegum/nhack4/injections/mixins/accessors/IServerAddress": {
        "getServerAddress": "b(Ljava/lang/String;)[Ljava/lang/String;"
      },
      "ryo/mrbubblegum/nhack4/injections/mixins/MixinModelBiped": {
        "render": "Lbpx;a(Lvg;FFFFFF)V"
      },
      "ryo/mrbubblegum/nhack4/injections/mixins/MixinMinecraft": {
        "sendClickBlockToController": "Lbib;b(Z)V",
        "Lnet/minecraft/client/Minecraft;currentScreen:Lnet/minecraft/client/gui/GuiScreen;": "Lbib;m:Lblk;",
        "Lnet/minecraft/client/multiplayer/PlayerControllerMP;getIsHittingBlock()Z": "Lbsa;m()Z",
        "run": "Lbib;a()V",
        "runTick": "Lbib;t()V",
        "rightClickMouse": "Lbib;aB()V",
        "runGameLoop": "Lbib;az()V",
        "Lnet/minecraft/client/Minecraft;displayCrashReport(Lnet/minecraft/crash/CrashReport;)V": "Lbib;c(Lb;)V",
        "getLimitFramerate": "Lbib;k()I",
        "runTickKeyboard": "Lbib;aD()V",
        "Lnet/minecraft/client/multiplayer/WorldClient;doVoidFogParticles(III)V": "Lbsb;b(III)V",
        "shutdown": "Lbib;n()V",
        "Lnet/minecraft/client/entity/EntityPlayerSP;isHandActive()Z": "Lbud;cG()Z"
      },
      "ryo/mrbubblegum/nhack4/injections/mixins/MixinItemFood": {
        "onItemUseFinish": "Laij;a(Laip;Lamu;Lvp;)Laip;"
      },
      "ryo/mrbubblegum/nhack4/injections/mixins/accessors/IEntityRenderer": {
        "setupCameraTransform": "a(FI)V"
      },
      "ryo/mrbubblegum/nhack4/injections/mixins/MixinGuiToast": {
        "drawToast": "Lbkc;a(Lbit;)V"
      },
      "ryo/mrbubblegum/nhack4/injections/mixins/accessors/ICPacketCustomPayload": {
        "data": "b:Lgy;"
      },
      "ryo/mrbubblegum/nhack4/injections/mixins/MixinRenderEnderCrystal": {
        "Lnet/minecraft/client/model/ModelBase;render(Lnet/minecraft/entity/Entity;FFFFFF)V": "Lbqf;a(Lvg;FFFFFF)V",
        "doRender(Lnet/minecraft/entity/item/EntityEnderCrystal;DDDFF)V": "Lbzb;a(Labc;DDDFF)V"
      },
      "ryo/mrbubblegum/nhack4/injections/mixins/accessors/IEntityLivingBase": {
        "getArmSwingAnimationEnd": "p()I"
      },
      "ryo/mrbubblegum/nhack4/injections/mixins/MixinItemRenderer": {
        "renderFireInFirstPerson": "Lbuu;d()V",
        "transformSideFirstPerson": "Lbuu;b(Lvo;F)V",
        "renderSuffocationOverlay": "Lbuu;a(Lcdq;)V",
        "transformEatFirstPerson": "Lbuu;a(FLvo;Laip;)V"
      },
      "ryo/mrbubblegum/nhack4/injections/mixins/MixinKeyBinding": {
        "isKeyDown": "Lbhy;e()Z"
      },
      "ryo/mrbubblegum/nhack4/injections/mixins/MixinLayerArmorBase": {
        "doRenderLayer": "Lcbp;a(Lvp;FFFFFFF)V",
        "renderArmorLayer": "Lcbp;a(Lvp;FFFFFFFLvl;)V"
      },
      "ryo/mrbubblegum/nhack4/injections/mixins/MixinServerAddress": {
        "fromString": "Lbsd;a(Ljava/lang/String;)Lbsd;",
        "Lnet/minecraft/client/multiplayer/ServerAddress;getServerAddress(Ljava/lang/String;)[Ljava/lang/String;": "Lbsd;b(Ljava/lang/String;)[Ljava/lang/String;"
      }
    },
    "searge": {
      "ryo/mrbubblegum/nhack4/injections/mixins/MixinGuiScreen": {
        "renderToolTip": "Lnet/minecraft/client/gui/GuiScreen;func_146285_a(Lnet/minecraft/item/ItemStack;II)V",
        "drawDefaultBackground": "Lnet/minecraft/client/gui/GuiScreen;func_146276_q_()V"
      },
      "ryo/mrbubblegum/nhack4/injections/mixins/MixinGuiNewChat": {
        "drawChat": "Lnet/minecraft/client/gui/GuiNewChat;func_146230_a(I)V",
        "setChatLine": "Lnet/minecraft/client/gui/GuiNewChat;func_146237_a(Lnet/minecraft/util/text/ITextComponent;IIZ)V",
        "Lnet/minecraft/client/gui/GuiNewChat;drawRect(IIIII)V": "Lnet/minecraft/client/gui/GuiNewChat;func_73734_a(IIIII)V",
        "Lnet/minecraft/client/gui/FontRenderer;drawStringWithShadow(Ljava/lang/String;FFI)I": "Lnet/minecraft/client/gui/FontRenderer;func_175063_a(Ljava/lang/String;FFI)I"
      },
      "ryo/mrbubblegum/nhack4/injections/mixins/MixinNetHandlerPlayClient": {
        "handleEntityMetadata": "Lnet/minecraft/client/network/NetHandlerPlayClient;func_147284_a(Lnet/minecraft/network/play/server/SPacketEntityMetadata;)V"
      },
      "ryo/mrbubblegum/nhack4/injections/mixins/accessors/IC00Handshake": {
        "ip": "field_149598_b:Ljava/lang/String;"
      },
      "ryo/mrbubblegum/nhack4/injections/mixins/accessors/IContainer": {
        "transactionID": "field_75150_e:S"
      },
      "ryo/mrbubblegum/nhack4/injections/mixins/MixinRender": {
        "shouldRender": "Lnet/minecraft/client/renderer/entity/Render;func_177071_a(Lnet/minecraft/entity/Entity;Lnet/minecraft/client/renderer/culling/ICamera;DDD)Z"
      },
      "ryo/mrbubblegum/nhack4/injections/mixins/MixinWorld": {
        "Lnet/minecraft/entity/Entity;isPushedByWater()Z": "Lnet/minecraft/entity/Entity;func_96092_aw()Z",
        "getEntitiesWithinAABB(Ljava/lang/Class;Lnet/minecraft/util/math/AxisAlignedBB;Lcom/google/common/base/Predicate;)Ljava/util/List;": "Lnet/minecraft/world/World;func_175647_a(Ljava/lang/Class;Lnet/minecraft/util/math/AxisAlignedBB;Lcom/google/common/base/Predicate;)Ljava/util/List;",
        "checkLightFor": "Lnet/minecraft/world/World;func_180500_c(Lnet/minecraft/world/EnumSkyBlock;Lnet/minecraft/util/math/BlockPos;)Z",
        "Lnet/minecraft/world/chunk/Chunk;getEntitiesOfTypeWithinAABB(Ljava/lang/Class;Lnet/minecraft/util/math/AxisAlignedBB;Ljava/util/List;Lcom/google/common/base/Predicate;)V": "Lnet/minecraft/world/chunk/Chunk;func_177430_a(Ljava/lang/Class;Lnet/minecraft/util/math/AxisAlignedBB;Ljava/util/List;Lcom/google/common/base/Predicate;)V",
        "handleMaterialAcceleration": "Lnet/minecraft/world/World;func_72918_a(Lnet/minecraft/util/math/AxisAlignedBB;Lnet/minecraft/block/material/Material;Lnet/minecraft/entity/Entity;)Z"
      },
      "ryo/mrbubblegum/nhack4/injections/mixins/MixinEntity": {
        "applyEntityCollision": "Lnet/minecraft/entity/Entity;func_70108_f(Lnet/minecraft/entity/Entity;)V",
        "Lnet/minecraft/entity/Entity;addVelocity(DDD)V": "Lnet/minecraft/entity/Entity;func_70024_g(DDD)V"
      },
      "ryo/mrbubblegum/nhack4/injections/mixins/MixinBlockLiquid": {
        "getCollisionBoundingBox": "Lnet/minecraft/block/BlockLiquid;func_180646_a(Lnet/minecraft/block/state/IBlockState;Lnet/minecraft/world/IBlockAccess;Lnet/minecraft/util/math/BlockPos;)Lnet/minecraft/util/math/AxisAlignedBB;"
      },
      "ryo/mrbubblegum/nhack4/injections/mixins/MixinPlayerControllerMP": {
        "clickBlock": "Lnet/minecraft/client/multiplayer/PlayerControllerMP;func_180511_b(Lnet/minecraft/util/math/BlockPos;Lnet/minecraft/util/EnumFacing;)Z",
        "onPlayerDamageBlock": "Lnet/minecraft/client/multiplayer/PlayerControllerMP;func_180512_c(Lnet/minecraft/util/math/BlockPos;Lnet/minecraft/util/EnumFacing;)Z",
        "Lnet/minecraft/item/ItemBlock;canPlaceBlockOnSide(Lnet/minecraft/world/World;Lnet/minecraft/util/math/BlockPos;Lnet/minecraft/util/EnumFacing;Lnet/minecraft/entity/player/EntityPlayer;Lnet/minecraft/item/ItemStack;)Z": "Lnet/minecraft/item/ItemBlock;func_179222_a(Lnet/minecraft/world/World;Lnet/minecraft/util/math/BlockPos;Lnet/minecraft/util/EnumFacing;Lnet/minecraft/entity/player/EntityPlayer;Lnet/minecraft/item/ItemStack;)Z",
        "processRightClickBlock": "Lnet/minecraft/client/multiplayer/PlayerControllerMP;func_187099_a(Lnet/minecraft/client/entity/EntityPlayerSP;Lnet/minecraft/client/multiplayer/WorldClient;Lnet/minecraft/util/math/BlockPos;Lnet/minecraft/util/EnumFacing;Lnet/minecraft/util/math/Vec3d;Lnet/minecraft/util/EnumHand;)Lnet/minecraft/util/EnumActionResult;"
      },
      "ryo/mrbubblegum/nhack4/injections/mixins/accessors/ICPacketPlayer": {
        "rotating": "field_149481_i:Z",
        "onGround": "field_149474_g:Z",
        "y": "field_149477_b:D",
        "pitch": "field_149473_f:F",
        "moving": "field_149480_h:Z",
        "yaw": "field_149476_e:F"
      },
      "ryo/mrbubblegum/nhack4/injections/mixins/MixinFontRenderer": {
        "Lnet/minecraft/client/gui/FontRenderer;renderString(Ljava/lang/String;FFIZ)I": "Lnet/minecraft/client/gui/FontRenderer;func_180455_b(Ljava/lang/String;FFIZ)I",
        "Lnet/minecraft/client/gui/FontRenderer;renderStringAtPos(Ljava/lang/String;Z)V": "Lnet/minecraft/client/gui/FontRenderer;func_78255_a(Ljava/lang/String;Z)V",
        "renderString(Ljava/lang/String;FFIZ)I": "Lnet/minecraft/client/gui/FontRenderer;func_180455_b(Ljava/lang/String;FFIZ)I",
        "drawString(Ljava/lang/String;FFIZ)I": "Lnet/minecraft/client/gui/FontRenderer;func_175065_a(Ljava/lang/String;FFIZ)I"
      },
      "ryo/mrbubblegum/nhack4/injections/mixins/MixinNetworkManager": {
        "sendPacket(Lnet/minecraft/network/Packet;)V": "Lnet/minecraft/network/NetworkManager;func_179290_a(Lnet/minecraft/network/Packet;)V",
        "channelRead0": "Lnet/minecraft/network/NetworkManager;channelRead0(Lio/netty/channel/ChannelHandlerContext;Lnet/minecraft/network/Packet;)V"
      },
      "ryo/mrbubblegum/nhack4/injections/mixins/MixinEntityRenderer": {
        "hurtCameraEffect": "Lnet/minecraft/client/renderer/EntityRenderer;func_78482_e(F)V",
        "updateLightmap": "Lnet/minecraft/client/renderer/EntityRenderer;func_78472_g(F)V",
        "setupFog": "Lnet/minecraft/client/renderer/EntityRenderer;func_78468_a(IF)V",
        "Lnet/minecraft/client/renderer/ActiveRenderInfo;getBlockStateAtEntityViewpoint(Lnet/minecraft/world/World;Lnet/minecraft/entity/Entity;F)Lnet/minecraft/block/state/IBlockState;": "Lnet/minecraft/client/renderer/ActiveRenderInfo;func_186703_a(Lnet/minecraft/world/World;Lnet/minecraft/entity/Entity;F)Lnet/minecraft/block/state/IBlockState;",
        "Lnet/minecraft/client/entity/EntityPlayerSP;prevTimeInPortal:F": "Lnet/minecraft/client/entity/EntityPlayerSP;field_71080_cy:F",
        "setupCameraTransform": "Lnet/minecraft/client/renderer/EntityRenderer;func_78479_a(FI)V",
        "renderCloudsCheck": "Lnet/minecraft/client/renderer/EntityRenderer;func_180437_a(Lnet/minecraft/client/renderer/RenderGlobal;FIDDD)V",
        "renderItemActivation": "Lnet/minecraft/client/renderer/EntityRenderer;func_190563_a(IIF)V",
        "orientCamera": "Lnet/minecraft/client/renderer/EntityRenderer;func_78467_g(F)V",
        "getMouseOver(F)V": "Lnet/minecraft/client/renderer/EntityRenderer;func_78473_a(F)V",
        "renderWorldPass": "Lnet/minecraft/client/renderer/EntityRenderer;func_175068_a(IFJ)V"
      },
      "ryo/mrbubblegum/nhack4/injections/mixins/MixinEntityPlayerSP": {
        "move": "Lnet/minecraft/client/entity/EntityPlayerSP;func_70091_d(Lnet/minecraft/entity/MoverType;DDD)V",
        "Lnet/minecraft/client/entity/AbstractClientPlayer;move(Lnet/minecraft/entity/MoverType;DDD)V": "Lnet/minecraft/client/entity/AbstractClientPlayer;func_70091_d(Lnet/minecraft/entity/MoverType;DDD)V",
        "pushOutOfBlocks": "Lnet/minecraft/client/entity/EntityPlayerSP;func_145771_j(DDD)Z",
        "Lnet/minecraft/client/entity/EntityPlayerSP;setServerBrand(Ljava/lang/String;)V": "Lnet/minecraft/client/entity/EntityPlayerSP;func_175158_f(Ljava/lang/String;)V",
        "onUpdateWalkingPlayer": "Lnet/minecraft/client/entity/EntityPlayerSP;func_175161_p()V",
        "sendChatMessage": "Lnet/minecraft/client/entity/EntityPlayerSP;func_71165_d(Ljava/lang/String;)V",
        "net/minecraft/util/math/AxisAlignedBB.minY:D": "Lnet/minecraft/util/math/AxisAlignedBB;field_72338_b:D"
      },
      "ryo/mrbubblegum/nhack4/injections/mixins/MixinGuiIngame": {
        "renderPortal": "Lnet/minecraft/client/gui/GuiIngame;func_180474_b(FLnet/minecraft/client/gui/ScaledResolution;)V",
        "renderPotionEffects": "Lnet/minecraft/client/gui/GuiIngame;func_184048_a(Lnet/minecraft/client/gui/ScaledResolution;)V",
        "renderPumpkinOverlay": "Lnet/minecraft/client/gui/GuiIngame;func_180476_e(Lnet/minecraft/client/gui/ScaledResolution;)V"
      },
      "ryo/mrbubblegum/nhack4/injections/mixins/MixinRenderGlobal": {
        "drawSelectionBox": "Lnet/minecraft/client/renderer/RenderGlobal;func_72731_b(Lnet/minecraft/entity/player/EntityPlayer;Lnet/minecraft/util/math/RayTraceResult;IF)V",
        "setupTerrain": "Lnet/minecraft/client/renderer/RenderGlobal;func_174970_a(Lnet/minecraft/entity/Entity;DLnet/minecraft/client/renderer/culling/ICamera;IZ)V",
        "sendBlockBreakProgress": "Lnet/minecraft/client/renderer/RenderGlobal;func_180441_b(ILnet/minecraft/util/math/BlockPos;I)V",
        "renderEntities": "Lnet/minecraft/client/renderer/RenderGlobal;func_180446_a(Lnet/minecraft/entity/Entity;Lnet/minecraft/client/renderer/culling/ICamera;F)V",
        "Lnet/minecraft/util/math/AxisAlignedBB;offset(DDD)Lnet/minecraft/util/math/AxisAlignedBB;": "Lnet/minecraft/util/math/AxisAlignedBB;func_72317_d(DDD)Lnet/minecraft/util/math/AxisAlignedBB;",
        "Lnet/minecraft/client/renderer/entity/RenderManager;setRenderPosition(DDD)V": "Lnet/minecraft/client/renderer/entity/RenderManager;func_178628_a(DDD)V",
        "Lnet/minecraft/client/renderer/ChunkRenderContainer;initialize(DDD)V": "Lnet/minecraft/client/renderer/ChunkRenderContainer;func_178004_a(DDD)V"
      },
      "ryo/mrbubblegum/nhack4/injections/mixins/MixinC00Handshake": {
        "Lnet/minecraft/network/PacketBuffer;writeString(Ljava/lang/String;)Lnet/minecraft/network/PacketBuffer;": "Lnet/minecraft/network/PacketBuffer;func_180714_a(Ljava/lang/String;)Lnet/minecraft/network/PacketBuffer;",
        "writePacketData": "Lnet/minecraft/network/handshake/client/C00Handshake;func_148840_b(Lnet/minecraft/network/PacketBuffer;)V"
      },
      "ryo/mrbubblegum/nhack4/injections/mixins/accessors/ISPacketSetSlot": {
        "windowId": "field_149179_a:I"
      },
      "ryo/mrbubblegum/nhack4/injections/mixins/MixinEntityLivingBase": {
        "isElytraFlying": "Lnet/minecraft/entity/EntityLivingBase;func_184613_cA()Z"
      },
      "ryo/mrbubblegum/nhack4/injections/mixins/accessors/IServerAddress": {
        "getServerAddress": "func_78863_b(Ljava/lang/String;)[Ljava/lang/String;"
      },
      "ryo/mrbubblegum/nhack4/injections/mixins/MixinModelBiped": {
        "render": "Lnet/minecraft/client/model/ModelBiped;func_78088_a(Lnet/minecraft/entity/Entity;FFFFFF)V"
      },
      "ryo/mrbubblegum/nhack4/injections/mixins/MixinMinecraft": {
        "sendClickBlockToController": "Lnet/minecraft/client/Minecraft;func_147115_a(Z)V",
        "Lnet/minecraft/client/Minecraft;currentScreen:Lnet/minecraft/client/gui/GuiScreen;": "Lnet/minecraft/client/Minecraft;field_71462_r:Lnet/minecraft/client/gui/GuiScreen;",
        "Lnet/minecraft/client/multiplayer/PlayerControllerMP;getIsHittingBlock()Z": "Lnet/minecraft/client/multiplayer/PlayerControllerMP;func_181040_m()Z",
        "run": "Lnet/minecraft/client/Minecraft;func_99999_d()V",
        "runTick": "Lnet/minecraft/client/Minecraft;func_71407_l()V",
        "rightClickMouse": "Lnet/minecraft/client/Minecraft;func_147121_ag()V",
        "runGameLoop": "Lnet/minecraft/client/Minecraft;func_71411_J()V",
        "Lnet/minecraft/client/Minecraft;displayCrashReport(Lnet/minecraft/crash/CrashReport;)V": "Lnet/minecraft/client/Minecraft;func_71377_b(Lnet/minecraft/crash/CrashReport;)V",
        "getLimitFramerate": "Lnet/minecraft/client/Minecraft;func_90020_K()I",
        "runTickKeyboard": "Lnet/minecraft/client/Minecraft;func_184118_az()V",
        "Lnet/minecraft/client/multiplayer/WorldClient;doVoidFogParticles(III)V": "Lnet/minecraft/client/multiplayer/WorldClient;func_73029_E(III)V",
        "shutdown": "Lnet/minecraft/client/Minecraft;func_71400_g()V",
        "Lnet/minecraft/client/entity/EntityPlayerSP;isHandActive()Z": "Lnet/minecraft/client/entity/EntityPlayerSP;func_184587_cr()Z"
      },
      "ryo/mrbubblegum/nhack4/injections/mixins/MixinItemFood": {
        "onItemUseFinish": "Lnet/minecraft/item/ItemFood;func_77654_b(Lnet/minecraft/item/ItemStack;Lnet/minecraft/world/World;Lnet/minecraft/entity/EntityLivingBase;)Lnet/minecraft/item/ItemStack;"
      },
      "ryo/mrbubblegum/nhack4/injections/mixins/accessors/IEntityRenderer": {
        "setupCameraTransform": "func_78479_a(FI)V"
      },
      "ryo/mrbubblegum/nhack4/injections/mixins/MixinGuiToast": {
        "drawToast": "Lnet/minecraft/client/gui/toasts/GuiToast;func_191783_a(Lnet/minecraft/client/gui/ScaledResolution;)V"
      },
      "ryo/mrbubblegum/nhack4/injections/mixins/accessors/ICPacketCustomPayload": {
        "data": "field_149561_c:Lnet/minecraft/network/PacketBuffer;"
      },
      "ryo/mrbubblegum/nhack4/injections/mixins/MixinRenderEnderCrystal": {
        "Lnet/minecraft/client/model/ModelBase;render(Lnet/minecraft/entity/Entity;FFFFFF)V": "Lnet/minecraft/client/model/ModelBase;func_78088_a(Lnet/minecraft/entity/Entity;FFFFFF)V",
        "doRender(Lnet/minecraft/entity/item/EntityEnderCrystal;DDDFF)V": "Lnet/minecraft/client/renderer/entity/RenderEnderCrystal;func_76986_a(Lnet/minecraft/entity/item/EntityEnderCrystal;DDDFF)V"
      },
      "ryo/mrbubblegum/nhack4/injections/mixins/accessors/IEntityLivingBase": {
        "getArmSwingAnimationEnd": "func_82166_i()I"
      },
      "ryo/mrbubblegum/nhack4/injections/mixins/MixinItemRenderer": {
        "renderFireInFirstPerson": "Lnet/minecraft/client/renderer/ItemRenderer;func_78442_d()V",
        "transformSideFirstPerson": "Lnet/minecraft/client/renderer/ItemRenderer;func_187459_b(Lnet/minecraft/util/EnumHandSide;F)V",
        "renderSuffocationOverlay": "Lnet/minecraft/client/renderer/ItemRenderer;func_178108_a(Lnet/minecraft/client/renderer/texture/TextureAtlasSprite;)V",
        "transformEatFirstPerson": "Lnet/minecraft/client/renderer/ItemRenderer;func_187454_a(FLnet/minecraft/util/EnumHandSide;Lnet/minecraft/item/ItemStack;)V"
      },
      "ryo/mrbubblegum/nhack4/injections/mixins/MixinKeyBinding": {
        "isKeyDown": "Lnet/minecraft/client/settings/KeyBinding;func_151470_d()Z"
      },
      "ryo/mrbubblegum/nhack4/injections/mixins/MixinLayerArmorBase": {
        "doRenderLayer": "Lnet/minecraft/client/renderer/entity/layers/LayerArmorBase;func_177141_a(Lnet/minecraft/entity/EntityLivingBase;FFFFFFF)V",
        "renderArmorLayer": "Lnet/minecraft/client/renderer/entity/layers/LayerArmorBase;func_188361_a(Lnet/minecraft/entity/EntityLivingBase;FFFFFFFLnet/minecraft/inventory/EntityEquipmentSlot;)V"
      },
      "ryo/mrbubblegum/nhack4/injections/mixins/MixinServerAddress": {
        "fromString": "Lnet/minecraft/client/multiplayer/ServerAddress;func_78860_a(Ljava/lang/String;)Lnet/minecraft/client/multiplayer/ServerAddress;",
        "Lnet/minecraft/client/multiplayer/ServerAddress;getServerAddress(Ljava/lang/String;)[Ljava/lang/String;": "Lnet/minecraft/client/multiplayer/ServerAddress;func_78863_b(Ljava/lang/String;)[Ljava/lang/String;"
      }
    }
  }
}